x;y;norme;cmd;erreur;rosbagTimestamp;;
3,31E-05;-8,77E-07;3,31268E-05;0,340011261;0,339978134;38696000000;0,999902572;
0,051931448;-1,13E-06;0,051931448;0,340011261;0,288079812;38696000000;0,847265504;0,019891473
0,132209941;5,86E-06;0,132209941;0,636458;0,504248059;38796000000;0,792272324;0,019891473
0,18562545;-0,000123392;0,185625491;0,583322862;0,397697371;38896000000;0,68177916;0,095097935
0,201701464;4,88E-05;0,20170147;0,570933765;0,369232295;38996000000;0,646716515;0,068360589
0,270244715;-2,96E-05;0,270244717;0,544407542;0,274162825;39096000000;0,503598506;
0,303533583;0,001066773;0,303535457;0,527873074;0,224337616;39196000000;0,424984011;
0,368252111;2,80E-06;0,368252111;0,486839387;0,118587277;39296000000;0,243586036;
0,403648674;0,00093533;0,403649758;0,70400979;0,300360032;39396000000;0,42664184;
0,468734381;4,42E-05;0,468734383;0,509679537;0,040945154;39496000000;0,080335095;
0,472648251;8,37E-05;0,472648259;0,463890308;-0,008757951;39597000000;-0,018879357;
0,508901602;7,07E-05;0,508901607;0,514892405;0,005990798;39697000000;0,011635049;
0,496387532;0,000208994;0,496387576;0,465987487;-0,030400089;39796000000;-0,065237994;
0,513883122;-3,26E-05;0,513883123;0,515261922;0,001378799;39896000000;0,002675919;
0,491493725;0,000153026;0,491493749;0,465586172;-0,025907577;39997000000;-0,055645073;
0,517519636;8,51E-05;0,517519643;0,531415652;0,013896008;40097000000;0,026149039;
0,501622533;0,000320144;0,501622635;0,465893738;-0,035728898;40196000000;-0,076688942;
0,521916278;3,28E-05;0,521916279;0,530205424;0,008289145;40296000000;0,015633836;
0,494596342;-7,27E-05;0,494596347;0,463851343;-0,030745005;40397000000;-0,066282021;
0,518256325;2,27E-05;0,518256326;0,528494359;0,010238033;40496000000;0,019372077;
0,486882491;-3,75E-05;0,486882493;0,462774617;-0,024107876;40596000000;-0,052094206;
0,508301295;4,70E-06;0,508301295;0,527579158;0,019277863;40696000000;0,036540229;
0,483446255;-0,000300103;0,483446348;0,480283663;-0,003162685;40796000000;-0,006585036;
0,505712857;-0,000167041;0,505712884;0,527913514;0,022200629;40896000000;0,042053535;
0,476325949;-3,03E-05;0,47632595;0,463723639;-0,012602312;40997000000;-0,027176341;
0,490384044;-0,000124186;0,49038406;0,528935099;0,038551039;41097000000;0,072884253;
0,47265281;-0,000150779;0,472652834;0,46651622;-0,006136614;41197000000;-0,013154128;
0,482717603;-2,76E-05;0,482717604;0,517053593;0,034335989;41296000000;0,066407021;
0,47137229;4,38E-05;0,471372292;0,470298565;-0,001073728;41396000000;-0,002283076;
0,482860229;4,27E-05;0,482860231;0,521877616;0,039017386;41496000000;0,074763478;
0,491898338;6,20E-05;0,491898342;0,490307401;-0,001590941;41597000000;-0,003244783;
0,50266758;3,61E-05;0,502667582;0,524559071;0,021891489;41696000000;0,041733124;
0,492891338;5,74E-05;0,492891341;0,491425186;-0,001466155;41796000000;-0,002983475;
0,503672685;8,10E-05;0,503672692;0,524853488;0,021180796;41896000000;0,040355636;
0,492845221;5,04E-05;0,492845224;0,491559803;-0,001285421;41996000000;-0,002614983;
0,504262845;0,000206429;0,504262887;0,540593487;0,036330599;42096000000;0,067205026;
0,492639376;2,53E-05;0,492639377;0,491568249;-0,001071128;42197000000;-0,002179001;
0,475002315;0,000144534;0,475002337;0,457395351;-0,017606985;42296000000;-0,038494019;
0,457555315;-0,0003593;0,457555456;0,483178202;0,025622746;42396000000;0,053029597;
0,47443986;-0,007142418;0,47449362;0,506235916;0,031742296;42497000000;0,062702577;
0,499240151;-0,000336864;0,499240265;0,668085732;0,168845467;42596000000;0,25273024;
0,527889993;-0,000994906;0,527890931;0,524777269;-0,003113662;42696000000;-0,005933301;
0,497465567;-0,011225957;0,497592215;0,488972935;-0,00861928;42796000000;-0,017627315;
0,517862385;-0,011373507;0,517987265;0,692568397;0,174581132;42896000000;0,25207782;
0,538645915;-0,045746878;0,540585052;0,518695703;-0,02188935;42997000000;-0,042200754;
0,48149497;-0,025221076;0,482155068;0,492474625;0,010319557;43097000000;0,020954496;
0,498345943;-0,034011863;0,499505241;0,557518102;0,058012862;43196000000;0,104055566;
0,511596835;-0,037458608;0,512966342;0,521531272;0,00856493;43296000000;0,016422658;
0,461351621;-0,021071744;0,461832585;0,468585562;0,006752978;43396000000;0,014411408;
0,472908416;-0,024636391;0,473549704;0,540813443;0,06726374;43496000000;0,124375125;
0,482427009;-0,00021087;0,482427055;0,487554345;0,00512729;43596000000;0,010516346;
0,493949119;-0,00552092;0,493979972;0,69442591;0,200445938;43696000000;0,288649855;
0,515666422;-0,000411826;0,515666587;0,494513176;-0,021153411;43796000000;-0,042776233;
0,525478794;-0,000434417;0,525478974;0,541641119;0,016162145;43896000000;0,029839213;
0,494889354;-0,00026275;0,494889423;0,491122294;-0,00376713;43997000000;-0,007670451;
0,519829427;-0,00045198;0,519829624;0,539237496;0,019407873;44096000000;0,035991326;
0,492239884;-0,000116673;0,492239898;0,488410354;-0,003829545;44196000000;-0,007840834;
0,522147338;-0,000280483;0,522147413;0,536726081;0,014578668;44297000000;0,027162212;
0,50330646;-0,000121468;0,503306474;0,503468497;0,000162023;44396000000;0,000321814;
0,527374432;-3,07E-05;0,527374433;0,533891641;0,006517208;44496000000;0,012206987;
0,500113441;1,56E-05;0,500113441;0,499606957;-0,000506484;44596000000;-0,001013764;
0,527049907;-8,35E-05;0,527049913;0,685317035;0,158267122;44696000000;0,230940008;
0,529020144;-0,000213195;0,529020187;0,49674967;-0,032270517;44796000000;-0,064963339;
0,526558683;-1,50E-05;0,526558683;0,524618118;-0,001940565;44896000000;-0,003699005;
0,503879469;4,41E-05;0,503879471;0,489761743;-0,014117728;44996000000;-0,028825706;
0,523206556;0,000226358;0,523206605;0,522164076;-0,001042529;45096000000;-0,001996554;
0,493739949;-5,51E-05;0,493739952;0,471047141;-0,022692811;45196000000;-0,048175243;
0,519196948;-0,000114684;0,51919696;0,536721309;0,017524349;45296000000;0,032650741;
0,481498012;0,000166884;0,481498041;0,471233209;-0,010264831;45396000000;-0,021782912;
0,503601136;0,00052889;0,503601414;0,53770871;0,034107296;45496000000;0,063430804;
0,477120391;0,000128988;0,477120408;0,47444431;-0,002676099;45597000000;-0,005640491;
0,499803101;0,00061485;0,499803479;0,5406624;0,040858921;45697000000;0,075571966;
0,479603993;0,000135906;0,479604012;0,477281015;-0,002322997;45797000000;-0,004867148;
0,501030935;0,0007719;0,501031529;0,54343783;0,042406301;45896000000;0,078033398;
0,481694031;6,32E-05;0,481694035;0,479170969;-0,002523067;45996000000;-0,005265483;
0,454532419;0,000179824;0,454532454;0,444606409;-0,009926045;46096000000;-0,022325466;
0,483417649;8,22E-05;0,483417656;0,610468749;0,127051093;46196000000;0,208120552;
0,500553558;0,000131334;0,500553575;0,505954258;0,005400683;46296000000;0,010674252;
0,51387324;-0,00058207;0,51387357;0,544737739;0,030864169;46396000000;0,056658767;
0,507331655;-0,001014957;0,50733267;0,52779965;0,02046698;46497000000;0,038777934;
0,491163266;-0,032643338;0,49224683;0,49278353;0,0005367;46596000000;0,001089119;
0,512017275;-0,054005603;0,514857549;0,700630326;0,185772777;46696000000;0,265150922;
0,528489901;-0,088740896;0,535888536;0,53643922;0,000550684;46797000000;0,001026554;
0,502325519;-0,106208204;0,513430725;0,515180851;0,001750126;46896000000;0,00339711;
0,530672042;-0,106135669;0,541181667;0,717278056;0,176096389;46996000000;0,24550645;
0,537220074;-0,141841049;0,555629634;0,55715315;0,001523515;47096000000;0,002734464;
0,501253297;-0,123075604;0,516141911;0,510538773;-0,005603138;47196000000;-0,010974951;
0,476089216;-0,133543188;0,494464078;0,487170619;-0,007293459;47296000000;-0,014971057;
0,505397045;-0,11486996;0,518286871;0,538806171;0,020519301;47396000000;0,038082898;
0,507280507;-0,088434177;0,514931177;0,514381278;-0,000549899;47496000000;-0,00106905;
0,473555255;-0,080730377;0,480387316;0,472955795;-0,007431522;47597000000;-0,015712931;
0,510115068;-0,032663797;0,511159766;0,524220803;0,013061037;47696000000;0,024915145;
0,500529995;-0,023028939;0,501059485;0,466264519;-0,034794966;47796000000;-0,074624949;
0,512749009;-0,000215651;0,512749054;0,525076304;0,01232725;47896000000;0,023477064;
0,502579631;-0,005054837;0,502605051;0,461018213;-0,041586838;47996000000;-0,090206497;
0,502156337;3,97E-05;0,502156339;0,503538444;0,001382105;48096000000;0,002744786;
0,480207992;-7,80E-05;0,480207998;0,47159673;-0,008611268;48196000000;-0,018259813;
0,494897547;1,07E-05;0,494897548;0,501374163;0,006476616;48296000000;0,012917729;
0,4787508;3,70E-05;0,478750802;0,469833235;-0,008917567;48396000000;-0,018980282;
0,496096147;-1,76E-06;0,496096147;0,516840309;0,020744162;48496000000;0,040136501;
0,481305739;-0,000155475;0,481305764;0,470093516;-0,011212248;48596000000;-0,023851102;
0,495878918;3,95E-05;0,49587892;0,517983305;0,022104385;48697000000;0,042673934;
0,479642743;0,000154728;0,479642768;0,471316823;-0,008325945;48797000000;-0,017665283;
0,497044195;2,31E-05;0,497044196;0,521226271;0,024182075;48896000000;0,046394583;
0,478773341;0,000160141;0,478773368;0,475154425;-0,003618943;48996000000;-0,007616351;
0,494005228;0,000151287;0,494005251;0,511131634;0,017126383;49096000000;0,033506795;
0,483909689;0,000181173;0,483909723;0,479946927;-0,003962796;49196000000;-0,008256739;
0,495911968;0,000238355;0,495912025;0,515778974;0,019866949;49296000000;0,038518339;
0,471262061;0,000116325;0,471262075;0,467874483;-0,003387592;49396000000;-0,007240387;
0,484540846;0,000311123;0,484540946;0,534232601;0,049691655;49497000000;0,093015018;
0,479269979;0,000171814;0,47927001;0,472804174;-0,006465836;49596000000;-0,013675506;
0,492489086;0,000344197;0,492489206;0,53855399;0,046064784;49696000000;0,085534199;
0,482708856;0,000148689;0,482708879;0,47548687;-0,007222009;49796000000;-0,015188661;
0,498339308;0,000434685;0,498339498;0,540852874;0,042513376;49896000000;0,078604327;
0,495276081;3,24E-05;0,495276082;0,493761193;-0,001514889;49996000000;-0,00306806;
0,519901237;0,000272633;0,519901308;0,542217272;0,022315964;50096000000;0,041156866;
0,485398221;0,00017175;0,485398252;0,475426243;-0,009972008;50196000000;-0,02097488;
0,506491538;0,000438617;0,506491728;0,539706881;0,033215152;50296000000;0,061542948;
0,483709219;0,000212016;0,483709266;0,475568235;-0,008141031;50396000000;-0,017118533;
0,507285006;0,000329599;0,507285113;0,540331185;0,033046072;50497000000;0,06115892;
0,483391022;0,000150989;0,483391046;0,475820649;-0,007570397;50596000000;-0,01591019;
0,506331271;-7,69E-07;0,506331271;0,525148532;0,018817262;50696000000;0,035832266;
0,475596285;6,74E-05;0,47559629;0,476199785;0,000603495;50796000000;0,001267315;
0,50396104;-7,22E-05;0,503961045;0,526732069;0,022771023;50896000000;0,043230752;
0,49473829;-4,19E-05;0,494738292;0,49462234;-0,000115952;50997000000;-0,000234425;
0,516999084;-1,40E-05;0,516999084;0,526990247;0,009991163;51097000000;0,018958914;
0,493516551;8,32E-05;0,493516558;0,493392784;-0,000123774;51196000000;-0,000250863;
0,515146843;-1,06E-05;0,515146843;0,52525577;0,010108927;51296000000;0,019245723;
0,493028857;6,52E-05;0,493028861;0,491915564;-0,001113297;51396000000;-0,002263187;
0,513464847;3,31E-06;0,513464847;0,523883413;0,010418566;51496000000;0,019887184;
0,494765292;9,44E-06;0,494765292;0,490682127;-0,004083165;51597000000;-0,008321405;
0,516905532;-6,28E-05;0,516905536;0,53853299;0,021627454;51697000000;0,040159942;
0,503368855;-2,30E-06;0,503368855;0,489620311;-0,013748544;51796000000;-0,028080011;
0,511820491;-1,46E-05;0,511820491;0,536647526;0,024827035;51896000000;0,046263206;
0,502854513;6,50E-06;0,502854513;0,487826766;-0,015027747;51996000000;-0,030805499;
0,504785276;3,95E-05;0,504785277;0,519267526;0,014482249;52096000000;0,027889764;
0,497021052;5,59E-05;0,497021055;0,486800062;-0,010220993;52196000000;-0,020996286;
0,505171221;7,18E-05;0,505171226;0,519689187;0,014517961;52297000000;0,027935853;
0,497772751;0,000118142;0,497772765;0,4870798;-0,010692966;52396000000;-0,021953211;
0,505779186;8,99E-05;0,505779194;0,519955597;0,014176403;52496000000;0,027264641;
0,496802866;9,87E-05;0,496802875;0,487288382;-0,009514494;52596000000;-0,019525386;
0,506328969;0,000109916;0,506328981;0,520236841;0,01390786;52696000000;0,026733709;
0,493990498;0,00016698;0,493990526;0,487465548;-0,006524979;52797000000;-0,013385518;
0,506546618;0,000127897;0,506546634;0,520544509;0,013997875;52896000000;0,026890831;
0,490081912;0,000187831;0,490081948;0,487690013;-0,002391935;52998000000;-0,004904623;
0,508397455;2,42E-05;0,508397456;0,520909444;0,012511988;53096000000;0,024019507;
0,530440633;0,000713754;0,530441113;0,47100073;-0,059440383;53196000000;-0,126200194;
0,524321948;0,008272638;0,524387206;0,517582451;-0,006804755;53296000000;-0,013147191;
0,470416743;-4,47E-05;0,470416745;0,464417807;-0,005998937;53396000000;-0,012917113;
0,47828115;6,93E-05;0,478281155;0,516749001;0,038467846;53496000000;0,074442033;
0,469351259;-8,93E-05;0,469351267;0,470561869;0,001210602;53596000000;0,002572672;
0,480874267;1,71E-06;0,480874267;0,537100394;0,056226127;53696000000;0,104684577;
0,474867844;-9,89E-05;0,474867854;0,475380165;0,000512311;53796000000;0,001077686;
0,486213346;8,17E-05;0,486213353;0,541225558;0,055012205;53896000000;0,101643768;
0,479697644;-0,000111839;0,479697657;0,478632826;-0,001064831;53997000000;-0,002224734;
0,456785968;9,11E-05;0,456785978;0,444212712;-0,012573265;54098000000;-0,028304605;
0,454790168;-0,000393348;0,454790338;0,493776596;0,038986258;54196000000;0,078955258;
0,488278911;-0,000211567;0,488278957;0,639149985;0,150871028;54296000000;0,23604949;
0,511515969;-0,000758616;0,511516532;0,50376263;-0,007753901;54396000000;-0,015391974;
0,484410427;-0,000680025;0,484410904;0,482239433;-0,002171472;54496000000;-0,004502891;
0,484555858;-0,03121009;0,485559934;0,531395193;0,045835259;54596000000;0,086254561;
0,498822124;-0,042577288;0,500635933;0,51186844;0,011232507;54696000000;0,021944129;
0,516324984;-0,060176819;0,519819909;0,704379689;0,184559779;54796000000;0,262017464;
0,538633832;-0,086572594;0,545546716;0,546486731;0,000940015;54896000000;0,001720106;
0,489075223;-0,081112814;0,495755849;0,498900487;0,003144637;54996000000;0,006303135;
0,471154076;-0,098157717;0,481270299;0,474851053;-0,006419247;55097000000;-0,013518442;
0,505827835;-0,06832094;0,510420953;0,529066363;0,01864541;55197000000;0,035242101;
0,496332263;-0,074505358;0,50189318;0,50494867;0,00305549;55297000000;0,006051091;
0,531626363;-0,047713914;0,53376325;0,546607703;0,012844453;55397000000;0,023498484;
0,511143644;-0,028950136;0,511962826;0,517616124;0,005653298;55496000000;0,010921796;
0,540724308;-0,007831229;0,540781014;0,687329611;0,146548597;55596000000;0,213214438;
0,544618522;-0,00054872;0,544618798;0,51804326;-0,026575538;55696000000;-0,051299843;
0,503770281;-0,000342889;0,503770398;0,46365444;-0,040115958;55796000000;-0,086521242;
0,506208955;-0,000110616;0,506208967;0,508971168;0,002762201;55896000000;0,005427029;
0,519079188;0,000236483;0,519079242;0,694419527;0,175340285;55996000000;0,25249907;
0,544247246;-0,000258513;0,544247307;0,506848092;-0,037399215;56096000000;-0,073787819;
0,527991428;9,93E-05;0,527991438;0,531260981;0,003269544;56196000000;0,006154308;
0,497950825;-5,13E-06;0,497950825;0,496545872;-0,001404953;56296000000;-0,002829452;
0,513128002;4,63E-05;0,513128004;0,52817489;0,015046886;56396000000;0,028488454;
0,497276223;6,38E-05;0,497276227;0,495053824;-0,002222403;56496000000;-0,004489215;
0,511670174;0,000122628;0,511670189;0,527161753;0,015491564;56596000000;0,029386738;
0,496612496;9,28E-05;0,496612504;0,494127603;-0,002484901;56697000000;-0,005028865;
0,511007626;0,000195486;0,511007663;0,526733203;0,01572554;56796000000;0,029854848;
0,496098478;0,00010739;0,49609849;0,493679858;-0,002418632;56897000000;-0,004899191;
0,511353349;0,000271205;0,511353421;0,526506235;0,015152815;56996000000;0,028779934;
0,495546798;0,000101039;0,495546809;0,493353553;-0,002193255;57096000000;-0,004445605;
0,512174585;0,000253396;0,512174647;0,526240036;0,014065389;57196000000;0,026728086;
0,494881458;8,84E-05;0,494881466;0,492984285;-0,001897181;57296000000;-0,003848359;
0,512961336;0,000273325;0,512961409;0,525824696;0,012863287;57396000000;0,024463071;
0,494106094;7,32E-05;0,4941061;0,492499091;-0,001607008;57496000000;-0,003262967;
0,513797673;0,000295735;0,513797758;0,525260897;0,011463139;57597000000;0,021823705;
0,493281379;5,68E-05;0,493281382;0,491904211;-0,001377171;57696000000;-0,002799674;
0,514517816;0,000358419;0,514517941;0,524590207;0,010072266;57797000000;0,019200255;
0,492447079;3,54E-05;0,492447081;0,491240546;-0,001206535;57897000000;-0,002456098;
0,496871765;-2,92E-06;0,496871765;0,499186789;0,002315024;57996000000;0,00463759;
0,474641188;-0,000482054;0,474641433;0,480968629;0,006327196;58097000000;0,013155112;
0,478494023;-0,012922061;0,478668475;0,49877749;0,020109015;58196000000;0,040316604;
0,46433467;-0,00050817;0,464334948;0,475450066;0,011115118;58296000000;0,023378098;
0,488031754;-0,008948155;0,48811378;0,514455257;0,026341477;58396000000;0,051202658;
0,468329056;-0,013046501;0,468510743;0,479372374;0,010861631;58496000000;0,022658025;
0,500774812;-0,007023496;0,500824063;0,550430771;0,049606707;58596000000;0,090123427;
0,50346253;-0,009279222;0,503548034;0,5033669;-0,000181135;58696000000;-0,000359846;
0,46568043;-0,001896756;0,465684293;0,475831112;0,01014682;58796000000;0,021324414;
0,496076992;-0,004217269;0,496094918;0,538407472;0,042312554;58897000000;0,078588349;
0,490508725;-0,002887951;0,490517226;0,499727052;0,009209825;58997000000;0,018429712;
0,522571191;-0,000216733;0,522571236;0,697554993;0,174983756;59096000000;0,250852991;
0,538859709;-0,001424371;0,538861591;0,514287064;-0,024574527;59196000000;-0,047783677;
0,564525542;-0,00048065;0,564525747;0,688278854;0,123753107;59296000000;0,179800827;
0,583407814;-0,018280184;0,583694135;0,498700142;-0,084993993;59396000000;-0,170431059;
0,495896384;-0,00050478;0,495896641;0,460381557;-0,035515085;59497000000;-0,077142718;
0,487347873;-0,000433399;0,487348066;0,491585304;0,004237238;59596000000;0,008619538;
0,52674121;-0,000263148;0,526741276;0,696973923;0,170232647;59697000000;0,244245361;
0,55455511;-0,000779966;0,554555659;0,509774487;-0,044781171;59797000000;-0,087845062;
0,565480077;0,000194578;0,56548011;0,691175452;0,125695342;59896000000;0,181857359;
0,572600215;-0,002339389;0,572604994;0,479207708;-0,093397286;59996000000;-0,194899383;
0,582973215;-0,000257019;0,582973271;0,677207817;0,094234546;60096000000;0,139151592;
0,577299382;-0,005586162;0,577326409;0,464664095;-0,112662314;60197000000;-0,242459694;
0,568764364;-5,68E-05;0,568764367;0,507856424;-0,060907943;60296000000;-0,119931422;
0,569281037;-0,000839225;0,569281656;0,696146011;0,126864355;60396000000;0,182238142;
0,572114931;2,95E-05;0,572114931;0,50636556;-0,065749372;60496000000;-0,129845662;
0,572514695;0,000154275;0,572514716;0,695519461;0,123004745;60596000000;0,17685306;
0,57695899;9,82E-05;0,576958998;0;-0,576958998;60696000000;#DIV/0!;
0,528284948;-3,15E-05;0,528284949;0;-0,528284949;60796000000;#DIV/0!;
0,439566961;9,20E-05;0,439566971;0;-0,439566971;60897000000;#DIV/0!;
0,397003724;0,000117023;0,397003742;0;-0,397003742;60996000000;#DIV/0!;
0,355298152;-0,000262823;0,355298249;0;-0,355298249;61096000000;#DIV/0!;
0,28513878;-0,00035704;0,285139003;0;-0,285139003;61196000000;#DIV/0!;
0,206488825;-0,000414013;0,206489241;0;-0,206489241;61296000000;#DIV/0!;
0,127257919;-0,0003793;0,127258484;0;-0,127258484;61396000000;#DIV/0!;
0,072133721;-0,000334668;0,072134498;0;-0,072134498;61497000000;#DIV/0!;
0,03939125;-0,000143358;0,039391511;0;-0,039391511;61596000000;#DIV/0!;
0,006607065;-9,70E-06;0,006607072;0;-0,006607072;61696000000;#DIV/0!;
-0,000317919;2,51E-05;0,00031891;0;-0,00031891;61796000000;#DIV/0!;
-0,000323978;2,40E-05;0,000324869;0;-0,000324869;61897000000;#DIV/0!;
-0,000328348;2,34E-05;0,00032918;0;-0,00032918;61996000000;#DIV/0!;
-0,000331325;2,29E-05;0,000332115;0;-0,000332115;62096000000;#DIV/0!;
-0,000338871;2,22E-05;0,000339598;0;-0,000339598;62196000000;#DIV/0!;
-0,000341358;2,09E-05;0,000341999;0;-0,000341999;62296000000;#DIV/0!;
-0,000342576;2,04E-05;0,000343183;0;-0,000343183;62397000000;#DIV/0!;
0,034631342;0,000107992;0,03463151;0,572016217;0,537384707;62496000000;0,939457118;
0,097040367;0,000184938;0,097040543;0,571782617;0,474742075;62596000000;0,830284203;
0,166504073;0,000153683;0,166504144;0,56919002;0,402685875;62696000000;0,707471778;
0,203462395;-6,30E-05;0,203462405;0,563594452;0,360132047;62796000000;0,63899147;
0,241130801;0,000176237;0,241130866;0,552098354;0,310967489;62896000000;0,563246541;
0,290184236;0,00018905;0,290184298;0,546049631;0,255865334;62996000000;0,468575234;
0,33974616;0,000114858;0,33974618;0,530339661;0,190593482;63096000000;0,359380027;
0,369154178;0,000180894;0,369154222;0,516626738;0,147472515;63196000000;0,285452735;
0,406972565;0,000654272;0,406973091;0,507461598;0,100488507;63296000000;0,198021894;
0,411828865;0,000395081;0,411829055;0,676586705;0,26475765;63396000000;0,391313705;
0,452525975;0,000425457;0,452526175;0,551984255;0,09945808;63496000000;0,180182821;
0,482155884;0,000715505;0,482156415;0,532795864;0,050639449;63596000000;0,095044748;
0,486842244;0,016794657;0,487131841;0,51353504;0,026403199;63696000000;0,051414601;
0,485694037;0,001227684;0,485695589;0,48629328;0,000597691;63797000000;0,001229075;
0,471905608;0,021905193;0,472413739;0,620528379;0,148114641;63897000000;0,238691163;
0,499664005;0,01541388;0,499901696;0,487823338;-0,012078358;63997000000;-0,024759697;
0,516756987;0,016459669;0,517019056;0,511418871;-0,005600185;64096000000;-0,01095029;
0,497479818;0,029018667;0,498325448;0,483380539;-0,014944909;64196000000;-0,030917482;
0,493775969;-2,16E-05;0,493775969;0,48840184;-0,005374129;64297000000;-0,011003499;
0,506362789;0,00681193;0,506408606;0,634995511;0,128586905;64396000000;0,202500494;
0,523338334;0,000282376;0,52333841;0,480967563;-0,042370847;64496000000;-0,08809502;
0,508267892;0,000127351;0,508267908;0,508448101;0,000180193;64596000000;0,000354398;
0,540371368;0,000134036;0,540371384;0,665745235;0,125373851;64696000000;0,188321064;
0,537708571;-9,91E-05;0,53770858;0,495676541;-0,042032039;64796000000;-0,084797314;
0,514272086;-0,000340046;0,514272198;0,51911897;0,004846772;64897000000;0,009336534;
0,512986933;0,000348292;0,512987051;0,489032126;-0,023954925;64996000000;-0,048984359;
0,537914344;-0,000280262;0,537914417;0,524283724;-0,013630693;65097000000;-0,025998696;
0,510084534;0,000171217;0,510084562;0,493994052;-0,016090511;65197000000;-0,032572276;
0,524034091;-0,000500155;0,52403433;0,529806598;0,005772268;65297000000;0,010895048;
0,505150903;-0,002132695;0,505155405;0,500392823;-0,004762582;65397000000;-0,009517686;
0,5382731;-0,000331553;0,538273202;0,691641824;0,153368622;65496000000;0,221745731;
0,555705106;-0,000163714;0,55570513;0,505786034;-0,049919096;65596000000;-0,098696075;
0,531115138;-0,000462267;0,531115339;0,535903589;0,00478825;65696000000;0,00893491;
0,506966899;-0,000279914;0,506966977;0,502829782;-0,004137194;65797000000;-0,008227823;
0,522904809;2,75E-05;0,522904809;0,537105516;0,014200707;65896000000;0,026439324;
0,510170648;-0,000117062;0,510170661;0,50493852;-0,005232141;65997000000;-0,010361937;
0,522370358;-6,49E-05;0,522370362;0,537076089;0,014705726;66096000000;0,027381086;
0,502614758;-8,11E-05;0,502614765;0,487101926;-0,015512839;66196000000;-0,031847213;
0,514114163;-1,88E-05;0,514114163;0,535998215;0,021884052;66296000000;0,040828591;
0,495824207;-5,42E-05;0,49582421;0,486556846;-0,009267363;66396000000;-0,019046825;
0,514279335;1,55E-05;0,514279335;0,535344054;0,021064719;66496000000;0,039348002;
0,489537068;-0,000229386;0,489537122;0,485837202;-0,00369992;66596000000;-0,007615554;
0,51131792;-4,22E-05;0,511317922;0,688219478;0,176901556;66696000000;0,257042355;
0,533592524;-0,000224724;0,533592571;0,485589111;-0,04800346;66796000000;-0,09885613;
0,537450295;-0,00013595;0,537450313;0,684801352;0,147351039;66896000000;0,215173406;
0,538054234;-0,000411052;0,538054391;0,477303731;-0,060750659;66997000000;-0,127278828;
0,538659033;-0,000167658;0,538659059;0,676242894;0,137583835;67097000000;0,20345328;
0,540440907;-0,000715612;0,540441381;0,468236168;-0,072205212;67196000000;-0,154206824;
0,524357006;5,02E-05;0,524357008;0,528959632;0,004602624;67296000000;0,008701276;
0,490513178;-4,00E-05;0,490513179;0,460267984;-0,030245196;67396000000;-0,065712143;
0,502518496;2,82E-06;0,502518496;0,525037501;0,022519004;67496000000;0,042890278;
0,478175362;-0,000164385;0,47817539;0,461041928;-0,017133462;67596000000;-0,037162482;
0,469826484;0,000152438;0,469826509;0,467845825;-0,001980684;67696000000;-0,004233625;
0,468162737;-0,000267194;0,468162813;0,493624412;0,025461598;67796000000;0,051580914;
0,486981084;-0,000687243;0,486981569;0,526009833;0,039028263;67896000000;0,074196832;
0,48068419;-0,000876298;0,480684988;0,489596173;0,008911185;67996000000;0,018201091;
0,49196538;-0,000882391;0,491966171;0,537929239;0,045963068;68097000000;0,08544445;
0,476302934;-0,002747716;0,47631086;0,490213451;0,013902591;68197000000;0,028360281;
0,494736609;-0,000247643;0,494736671;0,548486029;0,053749357;68298000000;0,097995855;
0,487993889;-0,005604337;0,48802607;0,511152449;0,02312638;68397000000;0,045243605;
0,463410069;-0,000545317;0,46341039;0,473030408;0,009620018;68496000000;0,020336997;
0,469151083;-0,007333016;0,469208388;0,548017663;0,078809275;68596000000;0,14380791;
0,47474315;-0,000438166;0,474743352;0,498621198;0,023877846;68696000000;0,047887747;
0,46375059;-0,000386519;0,463750751;0,472794579;0,009043828;68796000000;0,019128451;
0,468275913;-0,000397571;0,468276082;0,532824853;0,064548771;68896000000;0,121144445;
0,485199184;-0,000448131;0,485199391;0,493334995;0,008135605;68997000000;0,016491035;
0,500076808;-0,000731841;0,500077343;0,534999277;0,034921934;69097000000;0,065274731;
0,498601463;-0,000304583;0,498601556;0,504856963;0,006255407;69196000000;0,012390454;
0,527330875;-0,001282085;0,527332433;0,540374578;0,013042145;69296000000;0,024135378;
0,485862506;-0,00010846;0,485862518;0,490309437;0,004446919;69396000000;0,009069617;
0,52090256;-0,000339687;0,52090267;0,539725708;0,018823037;69497000000;0,034875191;
0,486898988;-0,000118435;0,486899003;0,489674616;0,002775613;69596000000;0,005668281;
0,521817354;2,59E-05;0,521817355;0,537861928;0,016044573;69696000000;0,029830282;
0,492986757;-9,37E-05;0,492986766;0,487364434;-0,005622331;69797000000;-0,011536196;
0,520602289;0,000416957;0,520602456;0,687994314;0,167391858;69896000000;0,24330413;
0,522546128;-0,000203311;0,522546168;0,48450681;-0,038039358;69996000000;-0,078511503;
0,528765108;0,000127716;0,528765124;0,684471205;0,155706081;70097000000;0,227483757;
0,527956179;-0,000113432;0,527956191;0,478448555;-0,049507637;70196000000;-0,10347536;
0,534696208;-3,41E-05;0,534696209;0,678319489;0,14362328;70296000000;0,211733972;
0,531139968;-0,00014958;0,531139989;0,489398464;-0,041741525;70396000000;-0,085291491;
0,534783907;0,000144965;0,534783926;0,533018322;-0,001765604;70496000000;-0,003312464;
0,492205631;0,000195731;0,49220567;0,464113305;-0,028092365;70596000000;-0,06052911;
0,500395112;0,000294197;0,500395198;0,529172088;0,028776889;70696000000;0,054380966;
0,482831458;0,000194386;0,482831497;0,466356547;-0,01647495;70796000000;-0,03532694;
0,496675712;0,000433322;0,496675901;0,51607977;0,019403869;70896000000;0,037598586;
0,486632304;9,06E-05;0,486632312;0,485131139;-0,001501173;70996000000;-0,003094366;
0,508300477;0,000210952;0,50830052;0,518359247;0,010058727;71097000000;0,019404933;
0,48975946;4,13E-05;0,489759462;0,485289723;-0,004469739;71196000000;-0,009210455;
0,510925953;0,000218175;0,510926;0,518047355;0,007121355;71297000000;0,013746533;
0,491093313;3,42E-05;0,491093314;0,485074384;-0,00601893;71396000000;-0,012408261;
0,492277752;0,000254511;0,492277818;0,505268068;0,01299025;71496000000;0,025709619;
0,497129936;-0,000294491;0,497130023;0,487410825;-0,009719198;71596000000;-0,019940464;
0,493432489;-0,00023076;0,493432543;0,520708032;0,027275488;71696000000;0,05238154;
0,476231892;-0,003024453;0,476241496;0,487839342;0,011597846;71796000000;0,023773905;
0,484904673;-0,036290418;0,48626077;0,531271164;0,045010394;71897000000;0,084722073;
0,494320854;-0,019787192;0,494716727;0,511137259;0,016420533;71996000000;0,032125485;
0,498694501;-0,042531627;0,500504889;0,696145558;0,195640668;72096000000;0,28103414;
0,517583524;-0,046323608;0,519652365;0,529604733;0,009952367;72196000000;0,018792066;
0,491562778;-0,039155381;0,493119771;0,492269975;-0,000849796;72297000000;-0,001726281;
0,503817132;-0,049032642;0,506197493;0,555225923;0,04902843;72397000000;0,088303568;
0,52236086;-0,0198736;0,522738776;0,530737435;0,007998659;72496000000;0,01507084;
0,486937;-0,030700822;0,487903866;0,474759065;-0,013144801;72596000000;-0,027687309;
0,506863894;-0,00058228;0,506864229;0,545791865;0,038927637;72696000000;0,071323226;
0,500218019;-7,41E-05;0,500218025;0,489475738;-0,010742287;72796000000;-0,021946516;
0,521714827;0,000287074;0,521714906;0,694235327;0,172520421;72896000000;0,248504238;
0,544928108;-0,000879944;0,544928819;0,494181907;-0,050746912;72996000000;-0,102688728;
0,534746655;-0,000224978;0,534746703;0,540090348;0,005343646;73096000000;0,009893985;
0,488999586;-0,000401391;0,488999751;0,489463954;0,000464203;73196000000;0,00094839;
0,510371383;-0,000147453;0,510371405;0,538286288;0,027914883;73296000000;0,051858805;
0,488709297;-0,000320671;0,488709403;0,489962445;0,001253042;73396000000;0,002557425;
0,507555973;-0,000333075;0,507556082;0,537146974;0,029590892;73496000000;0,055089005;
0,503908791;-0,000140022;0,503908811;0,504993285;0,001084475;73596000000;0,002147504;
0,51554623;-0,000107237;0,515546241;0,535179861;0,01963362;73696000000;0,036686022;
0,501158746;-0,000121299;0,501158761;0,5011481;-1,06608E-05;73796000000;-2,12728E-05;
0,520355333;-0,000136996;0,520355351;0,685252817;0,164897466;73896000000;0,240637414;
0,532074945;-0,000294366;0,532075027;0,497840044;-0,034234983;73996000000;-0,068767033;
0,517927531;0,000142621;0,517927551;0,524522678;0,006595127;74096000000;0,012573579;
0,501431;1,00E-05;0,501431;0,473398471;-0,028032529;74196000000;-0,059215503;
0,502447927;6,15E-05;0,502447931;0,523110939;0,020663008;74296000000;0,039500241;
0,483093954;0,000161655;0,483093981;0,474330044;-0,008763937;74396000000;-0,018476454;
0,499113809;6,12E-05;0,499113813;0,526301577;0,027187764;74496000000;0,051658147;
0,481966595;0,00018306;0,48196663;0,47878503;-0,0031816;74596000000;-0,006645154;
0,478393522;0,000463277;0,478393746;0,685282145;0,206888399;74697000000;0,30190251;
0,486476648;0,000255427;0,486476715;0,483686048;-0,002790667;74796000000;-0,005769584;
0,510336189;0,000437196;0,510336376;0,691072168;0,180735791;74896000000;0,261529547;
0,528714601;0,000435697;0,52871478;0,501752979;-0,026961802;74996000000;-0,05373521;
0,550146667;0,000482237;0,550146878;0,687563311;0,137416433;75096000000;0,199860043;
0,56865558;0,000416535;0,568655732;0,494962649;-0,073693084;75196000000;-0,148886151;
0,560780045;0,000564013;0,560780329;0,677471731;0,116691402;75297000000;0,172245419;
0,573882354;0,000275904;0,57388242;0,465090323;-0,108792098;75396000000;-0,233916064;
0,519317637;-4,44E-05;0,519317639;0,50842438;-0,010893259;75496000000;-0,021425525;
0,489041291;-7,32E-05;0,489041297;0,475122272;-0,013919025;75596000000;-0,029295669;
0,4920995;-7,11E-05;0,492099505;0,513405858;0,021306353;75696000000;0,041500019;
0,480862669;-0,000260756;0,48086274;0,483059672;0,002196932;75797000000;0,004547951;
0,50330113;-3,93E-05;0,503301131;0,535433634;0,032132502;75897000000;0,060012111;
0,487240517;-0,000395953;0,487240678;0,489504784;0,002264106;75996000000;0,0046253;
0,507857189;-8,75E-05;0,507857197;0,523643501;0,015786305;76096000000;0,030147046;
0,475094956;-0,000251977;0,475095023;0,475406362;0,000311339;76196000000;0,00065489;
0,489474335;-0,000105119;0,489474346;0,525633569;0,036159222;76297000000;0,068791691;
0,524945696;0,000320977;0,524945794;0,478711939;-0,046233855;76396000000;-0,096579699;
0,51874545;0,000168589;0,518745477;0,524697819;0,005952341;76496000000;0,011344322;
0,473615386;-0,000160394;0,473615413;0,473396734;-0,000218679;76597000000;-0,000461936;
0,485886686;-5,63E-05;0,485886689;0,525023639;0,03913695;76696000000;0,074543215;
0,476277506;-0,000147183;0,476277529;0,478409286;0,002131757;76796000000;0,004455928;
0,489480277;-0,000208361;0,489480322;0,681712205;0,192231883;76896000000;0,281983925;
0,515535093;-0,000178805;0,515535124;0,480731808;-0,034803316;76996000000;-0,072396534;
0,510273673;-5,63E-05;0,510273676;0,681942786;0,171669109;77096000000;0,251735355;
0,523040252;-0,000275999;0,523040325;0,493598526;-0,029441798;77196000000;-0,059647257;
0,524524377;-0,000136105;0,524524394;0,678026609;0,153502215;77296000000;0,226395562;
0,538718683;-0,000213111;0,538718725;0,488329966;-0,050388759;77396000000;-0,103185883;
0,51780913;4,22E-05;0,517809131;0,533442866;0,015633734;77497000000;0,029307233;
0,488005431;-3,79E-06;0,488005431;0,466132441;-0,02187299;77596000000;-0,046924411;
0,495722253;9,19E-05;0,495722261;0,517168944;0,021446683;77696000000;0,041469395;
0,473272867;0,000160505;0,473272894;0,469686569;-0,003586325;77796000000;-0,007635571;
0,48735047;0,000167965;0,487350499;0,52257458;0,035224081;77896000000;0,067404888;
0,479631524;0,000171849;0,479631555;0,476022937;-0,003608618;77997000000;-0,007580766;
0,491388095;0,000242977;0,491388155;0,527623014;0,036234859;78097000000;0,068675661;
0,483181493;0,000132624;0,483181511;0,480103604;-0,003077908;78196000000;-0,006410924;
0,496540725;0,000292728;0,496540811;0,530810504;0,034269693;78296000000;0,064561067;
0,501303971;0,000128119;0,501303987;0,498691106;-0,002612881;78396000000;-0,005239478;
0,517506619;0,000237551;0,517506673;0,53147064;0,013963967;78496000000;0,026274202;
0,499732426;9,19E-05;0,499732434;0,497787182;-0,001945253;78596000000;-0,0039078;
0,518736293;0,00026661;0,518736362;0,529612933;0,010876572;78696000000;0,020536832;
0,497327169;6,28E-05;0,497327172;0,495892773;-0,001434399;78796000000;-0,002892559;
0,518928105;0,000463623;0,518928312;0,683258572;0,16433026;78896000000;0,24050962;
0,538297953;0,000342055;0,538298062;0,494231082;-0,04406698;78996000000;-0,089162704;
0,517334076;0,000102562;0,517334086;0,521415117;0,004081031;79096000000;0,007826837;
0,476537183;1,15E-05;0,476537183;0,470045946;-0,006491237;79196000000;-0,013809792;
0,463914391;-0,00016081;0,463914419;0,448269321;-0,015645098;79296000000;-0,034901113;
0,488305303;-0,000432937;0,488305495;0,621359311;0,133053816;79396000000;0,214133455;
0,506095231;-0,013282731;0,506269507;0,514510234;0,008240727;79496000000;0,016016643;
0,545223336;-0,006833036;0,545266152;0,665623195;0,120357043;79597000000;0,180818583;
0,549460616;-0,026783012;0,550112987;0,531467371;-0,018645617;79696000000;-0,035083276;
0,500671023;-0,046585072;0,502833613;0,494262775;-0,008570838;79796000000;-0,01734065;
0,523307224;-0,0382798;0,524705436;0,556604831;0,031899395;79896000000;0,057310669;
0,500760028;-0,075165499;0,506369883;0,513622974;0,007253092;79996000000;0,014121432;
0,47302627;-0,063246261;0,477235729;0,478716581;0,001480852;80096000000;0,003093379;
0,494415186;-0,058827664;0,497902671;0,545006904;0,047104233;80196000000;0,08642869;
0,492532096;-0,079349361;0,498882939;0,508452512;0,009569573;80297000000;0,018820977;
0,540001632;-0,048314946;0,542158737;0,708772511;0,166613774;80396000000;0,235073696;
0,531934038;-0,060565035;0,535370848;0,52392841;-0,011442438;80496000000;-0,021839697;
0,486695758;-0,022732763;0,487226374;0,476499757;-0,010726617;80596000000;-0,022511275;
0,499251395;-0,021110349;0,499697511;0,529441965;0,029744454;80696000000;0,056180764;
0,488552588;-0,000264547;0,488552659;0,482857484;-0,005695175;80796000000;-0,011794732;
0,505783887;-0,00037035;0,505784023;0,531690136;0,025906113;80896000000;0,048724081;
0,494172782;-0,000274181;0,494172858;0,482251112;-0,011921745;80997000000;-0,024721033;
0,509307777;-0,000458436;0,509307984;0,530335527;0,021027543;81097000000;0,039649509;
0,501631233;9,16E-05;0,501631242;0,497193904;-0,004437338;81197000000;-0,008924763;
0,520910952;-0,000165441;0,520910978;0,527907533;0,006996555;81296000000;0,013253372;
0,500692978;9,69E-06;0,500692978;0,494076519;-0,006616459;81396000000;-0,013391568;
0,529187306;-0,000235202;0,529187358;0,679747713;0,150560355;81496000000;0,221494464;
0,539889036;5,86E-06;0,539889036;0,491588428;-0,048300608;81596000000;-0,09825416;
0,519626298;0,000278306;0,519626372;0,518518585;-0,001107788;81696000000;-0,002136447;
0,487093718;-5,32E-05;0,487093721;0,468030364;-0,019063357;81797000000;-0,040731025;
0,510159891;8,94E-05;0,510159899;0,53434381;0,024183911;81896000000;0,045259084;
0,486258014;-8,15E-06;0,486258014;0,47010643;-0,016151584;81996000000;-0,034357293;
0,510426581;0,00035389;0,510426703;0,536218249;0,025791546;82096000000;0,048098971;
0,491624354;0,000289202;0,491624439;0,48894655;-0,002677889;82196000000;-0,005476854;
0,513632652;0,000251262;0,513632713;0,538071572;0,024438859;82296000000;0,045419346;
0,48135526;3,20E-05;0,481355261;0,472928328;-0,008426934;82396000000;-0,017818627;
0,492933347;0,000108379;0,492933359;0,52329852;0,030365161;82496000000;0,05802646;
0,47834602;0,000157128;0,478346046;0,475709487;-0,00263656;82596000000;-0,005542374;
0,492651102;0,000165873;0,49265113;0,526976245;0,034325114;82696000000;0,065135981;
0,496902668;0,000117716;0,496902682;0,494794478;-0,002108203;82796000000;-0,004260766;
0,510689552;0,000258622;0,510689618;0,528219855;0,017530237;82896000000;0,033187388;
0,495969628;8,28E-05;0,495969635;0,494470935;-0,0014987;82996000000;-0,003030917;
0,476634426;0,000700351;0,476634941;0,443117798;-0,033517143;83096000000;-0,075639351;
0,487477779;-2,29E-05;0,48747778;0,534003604;0,046525824;83197000000;0,087126424;
0,473717472;-2,79E-05;0,473717472;0,492557008;0,018839535;83296000000;0,038248436;
0,486264962;-0,000500791;0,48626522;0,545759208;0,059493988;83396000000;0,109011424;
0,488720573;-0,000630497;0,488720979;0,53004297;0,04132199;83496000000;0,077959699;
0,48560648;-0,019212478;0,485986392;0,496060745;0,010074353;83596000000;0,020308707;
0,495092339;-0,041033858;0,496789897;0,70409849;0,207308593;83696000000;0,294431242;
0,525024681;-0,051072331;0,52750289;0,540265991;0,012763102;83796000000;0,023623737;
0,505555146;-0,076681723;0,511337552;0,51898727;0,007649718;83896000000;0,014739702;
0,477930158;-0,084060587;0,485266337;0,489946765;0,004680428;83996000000;0,009552931;
0,492605802;-0,095174377;0,501715695;0,560142115;0,05842642;84096000000;0,104306423;
0,503943589;-0,107690443;0,51532162;0,517560414;0,002238794;84196000000;0,004325666;
0,483109647;-0,100289194;0,493409417;0,482999651;-0,010409766;84297000000;-0,021552327;
0,497625528;-0,097389538;0,507065961;0,542862938;0,035796977;84397000000;0,065941095;
0,501440514;-0,082040154;0,508107445;0,504404326;-0,00370312;84497000000;-0,00734157;
0,520075596;-0,065554954;0,524190879;0,689975498;0,165784619;84596000000;0,240276096;
0,534096744;-0,041738823;0,535725173;0,509090033;-0,02663514;84696000000;-0,052319114;
0,499811219;-0,028529551;0,500624799;0,474673676;-0,025951123;84796000000;-0,054671503;
0,504053628;-0,004832696;0,504076795;0,503237574;-0,00083922;84896000000;-0,001667643;
0,494037435;-0,005594194;0,494069107;0,470710243;-0,023358864;84996000000;-0,04962472;
0,518923559;-0,00014774;0,51892358;0,515591009;-0,003332571;85096000000;-0,006463594;
0,48958689;-0,000869526;0,489587662;0,46629367;-0,023293992;85196000000;-0,049955626;
0,496265182;0,000261206;0,496265251;0,49619541;-6,98414E-05;85297000000;-0,000140754;
0,527327981;0,000160682;0,527328005;0,683518492;0,156190487;85397000000;0,228509526;
0,555424419;-0,000103619;0,555424429;0,512354196;-0,043070232;85496000000;-0,084063393;
0,555006231;0,000598087;0,555006554;0,678953079;0,123946526;85596000000;0,182555363;
0,581764026;-2,07E-05;0,581764027;0,504786073;-0,076977954;85696000000;-0,152496192;
0,555882621;0,000164992;0,555882645;0,530393268;-0,025489378;85796000000;-0,048057506;
0,500377297;0,000272277;0,500377371;0,495394051;-0,004983321;85896000000;-0,010059307;
0,511310803;0,000203222;0,511310844;0,530966915;0,019656071;85996000000;0,037019389;
0,485244112;0,00023831;0,485244171;0;-0,485244171;86096000000;#DIV/0!;
0,444187242;0,000399283;0,444187422;0;-0,444187422;86196000000;#DIV/0!;
0,373052848;2,32E-05;0,373052849;0;-0,373052849;86296000000;#DIV/0!;
0,285640824;0,000124078;0,285640851;0;-0,285640851;86396000000;#DIV/0!;
0,222143242;0,000173391;0,222143309;0,526172021;0,304028711;86496000000;0,577812387;
0,258840927;1,56E-05;0,258840927;0,511579371;0,252738444;86596000000;0,494035644;
0,304844371;0,000247278;0,304844472;0,480674001;0,17582953;86696000000;0,365797878;
0,353165302;0,000110139;0,353165319;0,560654768;0,207489449;86796000000;0,370084161;
0,404007136;0,000355854;0,404007293;0,527369758;0,123362466;86896000000;0,23392025;
0,447338965;6,81E-05;0,447338971;0,489597216;0,042258245;86996000000;0,086312266;
0,495406636;0,000450836;0,495406841;0,531031057;0,035624216;87096000000;0,067084996;
0,501836909;0,000263203;0,501836978;0,499397266;-0,002439712;87197000000;-0,004885313;
0,542187698;0,000645752;0,542188083;0,670072828;0,127884745;87296000000;0,190852008;
0,536962168;0,000298818;0,536962251;0,497428001;-0,03953425;87396000000;-0,079477331;
0,52179215;0,000272285;0,521792221;0,522476937;0,000684716;87496000000;0,001310519;
0,494885856;6,42E-05;0,49488586;0,489400899;-0,005484961;87596000000;-0,011207501;
0,517513269;0,000126385;0,517513285;0,5205789;0,003065615;87696000000;0,005888858;
0,492348618;2,03E-05;0,492348618;0,487245119;-0,005103499;87796000000;-0,010474192;
0,517422106;-4,53E-05;0,517422108;0,518828711;0,001406603;87896000000;0,002711112;
0,492821551;-6,48E-06;0,492821551;0,485709698;-0,007111853;87997000000;-0,014642189;
0,517437383;-6,62E-05;0,517437387;0,517524153;8,67654E-05;88096000000;0,000167655;
0,488005279;0,00010666;0,488005291;0,466999386;-0,021005905;88196000000;-0,044980583;
0,516631386;0,0001027;0,516631396;0,532580172;0,015948776;88296000000;0,029946244;
0,496629;0,000114072;0,496629013;0,467605677;-0,029023335;88396000000;-0,062067971;
0,519252127;-3,48E-05;0,519252129;0,532984888;0,013732759;88496000000;0,025765757;
0,503054905;5,89E-05;0,503054908;0,484790861;-0,018264047;88596000000;-0,037674074;
0,526871934;-0,000126001;0,526871949;0,532713526;0,005841577;88696000000;0,0109657;
0,50035529;2,68E-05;0,500355291;0,465976843;-0,034378448;88796000000;-0,073777159;
0,512558633;-0,000128268;0,512558649;0,515309536;0,002750887;88896000000;0,005338319;
0,481757037;-0,000158832;0,481757063;0,48363166;0,001874597;88996000000;0,003876085;
0,514919077;-6,73E-05;0,514919081;0,517472614;0,002553533;89096000000;0,004934625;
0,483329004;9,29E-06;0,483329004;0,485121197;0,001792193;89197000000;0,00369432;
0,516708797;-0,000124952;0,516708812;0,533506365;0,016797553;89297000000;0,031485196;
0,488306238;-7,14E-05;0,488306243;0,485580715;-0,002725528;89396000000;-0,005612924;
0,512709951;-0,000291039;0,512710033;0,532327748;0,019617715;89496000000;0,036852699;
0,491004249;-3,53E-05;0,491004251;0,48460385;-0,0064004;89596000000;-0,01320749;
0,501112744;-8,12E-05;0,501112751;0,516303848;0,015191098;89696000000;0,029422786;
0,478574816;2,02E-06;0,478574816;0,467250567;-0,011324249;89797000000;-0,024235923;
0,494666212;-0,00013395;0,49466623;0,533006847;0,038340617;89897000000;0,071932691;
0,489022066;-4,95E-05;0,489022068;0,470185636;-0,018836432;89996000000;-0,040061691;
0,499001868;-2,86E-05;0,499001869;0,536262071;0,037260203;90097000000;0,069481331;
0,502525124;0,000134158;0,502525142;0,489032229;-0,013492913;90196000000;-0,027591051;
0,512876596;7,58E-05;0,512876602;0,538811019;0,025934417;90296000000;0,048132678;
0,500759034;-0,000123455;0,500759049;0,473035044;-0,027724005;90396000000;-0,058608777;
0,506996246;-1,78E-05;0,506996246;0,538343224;0,031346978;90496000000;0,05822861;
0,508115796;0,000222703;0,508115845;0,490915626;-0,017200219;90596000000;-0,035037017;
0,519445779;8,85E-05;0,519445787;0,539752443;0,020306656;90697000000;0,037622166;
0,501603354;-0,00016532;0,501603382;0,474082432;-0,027520949;90796000000;-0,058050978;
0,50775913;0,00011543;0,507759144;0,523188663;0,015429519;90896000000;0,02949131;
0,494881513;0,000298572;0,494881603;0,491539312;-0,003342292;90996000000;-0,006799643;
0,518108274;0,000143602;0,518108294;0,524912915;0,006804621;91096000000;0,012963333;
0,495546331;0,000116022;0,495546344;0,492238724;-0,00330762;91196000000;-0,006719545;
0,459013342;0,000172834;0,459013375;0,431948353;-0,027065022;91296000000;-0,062658004;
0,482990921;0,000427394;0,48299111;0,586826588;0,103835478;91396000000;0,176944058;
0,510817605;0,000276018;0,51081768;0,64409674;0,13327906;91496000000;0,206923979;
0,491924203;-8,35E-05;0,49192421;0,524606053;0,032681843;91596000000;0,062297875;
0,48867562;-0,000403021;0,488675786;0,495845321;0,007169534;91696000000;0,014459215;
0,496735427;-0,001584505;0,496737954;0,573496107;0,076758153;91796000000;0,1338425;
0,523195593;-0,00883991;0,523270267;0,5644074;0,041137132;91896000000;0,07288553;
0,523511175;-0,056560244;0,526557701;0,540933413;0,014375712;91996000000;0,026575751;
0,510569603;-0,088663083;0,518210828;0,529331411;0,011120584;92096000000;0,021008736;
0,487731264;-0,126630288;0,503901792;0,509677121;0,005775328;92196000000;0,011331347;
0,474728703;-0,157704216;0,500237905;0,489720671;-0,010517234;92296000000;-0,021475985;
0,494051112;-0,157692586;0,518607224;0,56253725;0,043930026;92396000000;0,078092653;
0,499336841;-0,182520994;0,531649503;0,545634953;0,01398545;92496000000;0,025631514;
0,508114905;-0,187877377;0,541736712;0,518837755;-0,022898957;92596000000;-0,044135102;
0,477934681;-0,186390842;0,512994255;0,489050604;-0,023943652;92697000000;-0,048959456;
0,499972828;-0,174502998;0,529550872;0,536559169;0,007008297;92797000000;0,013061555;
0,506963222;-0,145961703;0,527557131;0,514727768;-0,012829363;92896000000;-0,024924561;
0,533108859;-0,130755566;0,548909895;0,67155778;0,122647885;92996000000;0,182631917;
0,549749285;-0,106023174;0,559879621;0,504585737;-0,055293884;93096000000;-0,109582732;
0,484880441;-0,073093864;0,490358803;0,470180517;-0,020178286;93196000000;-0,042916041;
0,489785337;-0,035906876;0,491099766;0,492861603;0,001761837;93296000000;0,003574709;
0,511996409;-0,012299374;0,512144118;0,674113358;0,16196924;93396000000;0,240270035;
0,518709754;-0,000444607;0,518709944;0,484076382;-0,034633562;93497000000;-0,071545656;
0,52055826;-0,002753305;0,520565541;0,664716723;0,144151181;93597000000;0,216861073;
0,549794065;-0,000341374;0,549794171;0,48792075;-0,061873422;93696000000;-0,126810393;
0,543604866;-0,005340432;0,543631098;0,528817478;-0,014813619;93796000000;-0,028012726;
0,515219798;-3,17E-05;0,515219799;0,460773554;-0,054446244;93896000000;-0,118162694;
0,512099601;9,98E-05;0,512099611;0,525712359;0,013612748;93996000000;0,025893909;
0,486641503;0,000397194;0,486641665;0,467875269;-0,018766396;94097000000;-0,040109826;
0,492094859;0,00065007;0,492095289;0,538110043;0,046014754;94196000000;0,085511792;
0,492020437;0,00093143;0,492021318;0,483845273;-0,008176045;94296000000;-0,016898058;
0,523224327;0,000671031;0,523224757;0,694095293;0,170870535;94397000000;0,246177344;
0,539041466;0,005925275;0,539074031;0,510082277;-0,028991754;94496000000;-0,056837408;
0,574315402;0,000533916;0,57431565;0,699022358;0,124706708;94597000000;0,178401601;
0,56813619;0,013351979;0,568293063;0,490317633;-0,07797543;94697000000;-0,159030443;
0,579198762;0,000492347;0,579198971;0,689374985;0,110176015;94797000000;0,159820151;
0,566844769;0,000169927;0,566844795;0,477952141;-0,088892654;94897000000;-0,185986517;
0,53070918;0,000398689;0,53070933;0,518132082;-0,012577248;94996000000;-0,024274211;
0,484550648;-7,96E-05;0,484550655;0,46650672;-0,018043935;95096000000;-0,038678832;
0,505386936;0,000151162;0,505386958;0,515747201;0,010360242;95196000000;0,020087831;
0,48186823;1,11E-05;0,48186823;0,467192191;-0,014676039;95296000000;-0,03141328;
0,465911998;-0,00018334;0,465912034;0,468143038;0,002231003;95397000000;0,004765645;
0,485309822;0,000215206;0,48530987;0,600658001;0,115348131;95496000000;0,192036285;
0,496928944;-0,000575874;0,496929278;0,478905374;-0,018023904;95596000000;-0,037635626;
0,501189747;-0,014823076;0,501408901;0,539762864;0,038353963;95696000000;0,071057062;
0,505452614;-0,002202451;0,505457412;0,506476074;0,001018662;95796000000;0,002011274;
0,485885864;-0,030308315;0,486830224;0,486742836;-8,73876E-05;95896000000;-0,000179536;
0,499337757;-0,056393335;0,502512093;0,545799883;0,04328779;95996000000;0,079310734;
0,513366888;-0,052211469;0,516015115;0,518696542;0,002681427;96096000000;0,005169548;
0,475024501;-0,08680974;0,482891507;0,486827661;0,003936154;96196000000;0,008085314;
0,509144838;-0,074379192;0,514549055;0,558364741;0,043815686;96296000000;0,078471441;
0,524440334;-0,083835705;0,531098945;0,537661779;0,006562834;96396000000;0,01220625;
0,492767859;-0,087088637;0,50040443;0,489461134;-0,010943296;96496000000;-0,022357845;
0,513164876;-0,065983045;0,517389556;0,702039108;0,184649552;96596000000;0,263018898;
0,518791263;-0,081733195;0,525190146;0,512064627;-0,013125519;96696000000;-0,025632544;
0,478438354;-0,043785154;0,480437715;0,483550985;0,00311327;96796000000;0,006438349;
0,491573481;-0,04217638;0,493379504;0,522223706;0,028844202;96896000000;0,055233422;
0,488754692;-1,90E-05;0,488754692;0,493509183;0,004754491;96996000000;0,009634047;
0,499240886;-9,05E-05;0,499240894;0,525227271;0,025986377;97097000000;0,049476443;
0,491749596;-0,000288415;0,491749681;0,492697356;0,000947676;97196000000;0,001923444;
0,510981625;-9,26E-05;0,510981634;0,538832509;0,027850875;97297000000;0,051687444;
0,501178018;-3,77E-05;0,501178019;0,489542116;-0,011635903;97397000000;-0,023768951;
0,509698528;-9,43E-05;0,509698537;0,518947884;0,009249347;97496000000;0,017823268;
0,48247947;0,000123863;0,482479486;0,468193606;-0,01428588;97596000000;-0,030512762;
0,503797543;-0,000147812;0,503797565;0,517611997;0,013814432;97696000000;0,026688778;
0,476525881;0,000112138;0,476525894;0,468215591;-0,008310303;97797000000;-0,017748881;
0,50508743;0,000119632;0,505087444;0,534337274;0,02924983;97896000000;0,054740388;
0,480246523;-1,89E-05;0,480246523;0,470662993;-0,009583531;97996000000;-0,020361768;
0,504458539;0,000448566;0,504458738;0,536278559;0,031819821;98096000000;0,059334501;
0,49264071;0,000178046;0,492640742;0,489731778;-0,002908964;98196000000;-0,005939913;
0,514350232;0,000535828;0,514350511;0,538629137;0,024278626;98297000000;0,045074846;
0,478645115;7,97E-05;0,478645122;0,473182644;-0,005462477;98396000000;-0,01154412;
0,494007928;0,000676108;0,49400839;0,538726715;0,044718324;98496000000;0,083007438;
0,4784387;1,56E-05;0,478438701;0,475834465;-0,002604236;98596000000;-0,005472987;
0,4951864;0,000772164;0,495187002;0,541628353;0,046441351;98697000000;0,085743944;
0,496345752;0,000126353;0,496345768;0,494334342;-0,002011426;98796000000;-0,004068959;
0,512386431;0,000562756;0,51238674;0,683271187;0,170884447;98896000000;0,250097546;
0,529782569;0,000127631;0,529782585;0,4765384;-0,053244185;98996000000;-0,111731153;
0,517971139;0,00027884;0,517971214;0,679893098;0,161921884;99096000000;0,238157858;
0,562005535;-0,00020437;0,562005572;0,471914758;-0,090090815;99196000000;-0,190904847;
0,543726699;-0,000216644;0,543726742;0,515474929;-0,028251812;99297000000;-0,054807345;
0,519590894;-0,000584829;0,519591223;0,460432222;-0,059159;99396000000;-0,128485796;
0,523479725;-0,002723309;0,523486809;0,509432659;-0,01405415;99496000000;-0,027587847;
0,557953038;-9,67E-05;0,557953046;0,697936537;0,139983491;99596000000;0,20056765;
0,578269669;-0,000130947;0,578269684;0,505424875;-0,072844809;99697000000;-0,144125888;
0,587854961;0,000109442;0,587854972;0,68832396;0,100468989;99796000000;0,145961778;
0,580807041;-0,000171987;0,580807067;0,495006151;-0,085800916;99896000000;-0,173333029;
0,586295408;-0,000285114;0,586295478;0,676702992;0,090407515;99996000000;0,133599992;
0,559602234;-0,00034845;0,559602343;0,486461197;-0,073141146;1,00096E+11;-0,150353504;
0,578405567;-6,00E-05;0,57840557;0,68671715;0,10831158;1,00196E+11;0,157723715;
0,570736536;-0,000122562;0,570736549;0,484412849;-0,0863237;1,00296E+11;-0,178202746;
0,581188196;-0,000179284;0,581188224;0,683755997;0,102567773;1,00397E+11;0,150006397;
0,577381888;-3,76E-05;0,57738189;0,48810086;-0,08928103;1,00496E+11;-0,182915125;
0,597180168;7,86E-05;0,597180174;0,685206705;0,088026532;1,00596E+11;0,128467119;
0,592187271;7,90E-05;0,592187276;0,510350046;-0,08183723;1,00696E+11;-0,160355095;
0,53465273;0,000384244;0,534652868;0,468418166;-0,066234702;1,00796E+11;-0,141400796;
0,536025534;0,00045136;0,536025724;0,518836418;-0,017189305;1,00896E+11;-0,033130491;
0,527840877;0,000711768;0,527841357;0,483959498;-0,043881859;1,00996E+11;-0,090672586;
0,527505479;0,000899381;0,527506246;0,51714301;-0,010363236;1,01096E+11;-0,020039401;
0,515468833;0,000753473;0,515469384;0,47746074;-0,038008644;1,01196E+11;-0,079605799;
0,539345092;0,000587094;0,539345412;0,531805481;-0,00753993;1,01296E+11;-0,014177985;
0,521457067;0,015026984;0,52167354;0,47154797;-0,05012557;1,01396E+11;-0,106300044;
0,524692608;0,000390886;0,524692754;0,522302474;-0,002390279;1,01496E+11;-0,004576427;
0,543196342;0,007582725;0,543249264;0,666330924;0,123081659;1,01596E+11;0,184715514;
0,55906882;0,000468718;0,559069016;0,508475268;-0,050593749;1,01696E+11;-0,099500903;
0,538368197;9,34E-05;0,538368205;0,523006711;-0,015361494;1,01796E+11;-0,029371504;
0,516886737;0,000200441;0,516886776;0,486756603;-0,030130172;1,01896E+11;-0,061899874;
0,505582558;2,72E-05;0,505582558;0,511014594;0,005432036;1,01996E+11;0,010629903;
0,483575063;-4,90E-05;0,483575066;0,477581311;-0,005993754;1,02097E+11;-0,012550228;
0,496051353;-4,64E-05;0,496051355;0,524635752;0,028584396;1,02196E+11;0,054484271;
0,475243597;-0,000198423;0,475243638;0,478799262;0,003555624;1,02296E+11;0,007426126;
0,490726222;-0,000649192;0,490726652;0,514269769;0,023543117;1,02396E+11;0,045779703;
0,479464076;-0,000204297;0,47946412;0,483166657;0,003702537;1,02496E+11;0,007663064;
0,496864651;-0,002659886;0,496871771;0,520042885;0,023171114;1,02596E+11;0,04455616;
0,468393918;-0,000181624;0,468393954;0,47187;0,003476046;1,02696E+11;0,007366533;
0,493338463;7,54E-05;0,493338468;0,525570711;0,032232243;1,02797E+11;0,06132808;
0,474542005;-0,000159038;0,474542032;0,477751724;0,003209692;1,02896E+11;0,006718327;
0,504836112;0,000235059;0,504836167;0,530845579;0,026009411;1,02996E+11;0,048996191;
0,483707757;-0,000187445;0,483707793;0,481981722;-0,001726071;1,03096E+11;-0,003581197;
0,466776938;-0,000117165;0,466776952;0,470420454;0,003643502;1,03196E+11;0,007745203;
0,479219065;-0,000484209;0,47921931;0,509093764;0,029874454;1,03297E+11;0,058681635;
0,462267183;-0,000320721;0,462267294;0,477268574;0,015001279;1,03397E+11;0,031431526;
0,456512079;-0,000259066;0,456512153;0,524510344;0,067998192;1,03497E+11;0,129641278;
0,444098791;-0,000296314;0,444098889;0,494853699;0,05075481;1,03596E+11;0,102565283;
0,488960059;-0,000483247;0,488960298;0,55978724;0,070826942;1,03696E+11;0,126524753;
0,502009935;-0,023558691;0,502562421;0,543566766;0,041004345;1,03797E+11;0,07543571;
0,493769381;-0,022369944;0,494275851;0,507102679;0,012826829;1,03896E+11;0,025294342;
0,474686615;-0,036611196;0,476096379;0,488031605;0,011935226;1,03996E+11;0,024455847;
0,469036716;-0,066070326;0,473667319;0,558834551;0,085167232;1,04096E+11;0,152401515;
0,504627599;-0,041056073;0,506294988;0,529768882;0,023473894;1,04196E+11;0,044309688;
0,488321474;-0,064123722;0,492513669;0,486470349;-0,00604332;1,04297E+11;-0,012422793;
0,501412185;-0,044872496;0,503416051;0,700576137;0,197160086;1,04397E+11;0,281425637;
0,505298653;-0,032998807;0,506375009;0,513546546;0,007171537;1,04496E+11;0,013964727;
0,465456748;-0,026430294;0,466206547;0,471891352;0,005684805;1,04596E+11;0,012046851;
0,505382082;-0,000271453;0,505382155;0,541256792;0,035874637;1,04696E+11;0,066280252;
0,505091044;-0,008782916;0,5051674;0,484674318;-0,020493081;1,04796E+11;-0,042282169;
0,53123561;-0,000369849;0,531235739;0,681841306;0,150605567;1,04897E+11;0,220880674;
0,545241406;-0,00444932;0,545259559;0,483369494;-0,061890065;1,04996E+11;-0,128038832;
0,556747897;-0,000609173;0,55674823;0,676132064;0,119383835;1,05096E+11;0,176568811;
0,552293986;-0,00036787;0,552294109;0,471383967;-0,080910142;1,05196E+11;-0,171643813;
0,523761898;-6,76E-05;0,523761903;0,528593149;0,004831246;1,05296E+11;0,009139819;
0,483477043;0,000144204;0,483477065;0,459735724;-0,02374134;1,05397E+11;-0,051641278;
0,503739436;0,000336837;0,503739548;0,52243043;0,018690882;1,05496E+11;0,035776787;
0,535567354;3,73E-05;0,535567355;0,694869281;0,159301925;1,05596E+11;0,229254523;
0,550322449;-7,94E-06;0,550322449;0,522130672;-0,028191777;1,05696E+11;-0,05399372;
0,499096002;0,000102286;0,499096012;0,466509595;-0,032586418;1,05796E+11;-0,069851549;
0,509328585;0,000781207;0,509329184;0,513226848;0,003897665;1,05897E+11;0,007594428;
0,541780202;0,000270485;0,541780269;0,688397851;0,146617582;1,05996E+11;0,212983788;
0,562529102;7,56E-05;0,562529107;0,49589521;-0,066633897;1,06096E+11;-0,134370923;
0,504952141;0,000356173;0,504952266;0,457920253;-0,047032013;1,06196E+11;-0,102707868;
0,492695247;0,000245618;0,492695308;0,489630063;-0,003065245;1,06296E+11;-0,006260329;
0,513941176;0,000194087;0,513941213;0,698509753;0,18456854;1,06396E+11;0,264231873;
0,534220891;0,000319014;0,534220986;0,509244057;-0,024976929;1,06496E+11;-0,049047071;
0,541631738;1,78E-05;0,541631739;0,695551683;0,153919944;1,06596E+11;0,221291887;
0,556296176;2,91E-05;0,556296177;0,486124099;-0,070172078;1,06696E+11;-0,144350133;
0,531836695;0,000194053;0,531836731;0,529578618;-0,002258113;1,06796E+11;-0,00426398;
0,497634562;0,000137851;0,497634581;0,494578847;-0,003055734;1,06896E+11;-0,006178458;
0,521338711;9,57E-05;0,52133872;0,527913027;0,006574308;1,06996E+11;0,012453392;
0,497684757;7,36E-05;0,497684763;0,49490089;-0,002783873;1,07096E+11;-0,005625112;
0,46184414;0,000109488;0,461844153;0,428225531;-0,033618622;1,07196E+11;-0,078506813;
0,479149385;5,92E-05;0,479149388;0,523764989;0,044615601;1,07297E+11;0,08518248;
0,476109741;-0,000139072;0,476109761;0,482540736;0,006430975;1,07397E+11;0,01332732;
0,490673917;-0,000559533;0,490674236;0,540969004;0,050294768;1,07497E+11;0,092971626;
0,484340914;-0,005890741;0,484376735;0,516248848;0,031872113;1,07597E+11;0,061737887;
0,475379045;-0,019225509;0,47576765;0,489131541;0,013363892;1,07696E+11;0,027321672;
0,49042333;-0,017272876;0,490727414;0,548338697;0,057611283;1,07797E+11;0,105065142;
0,489441103;-0,037510096;0,49087636;0,520200477;0,029324117;1,07897E+11;0,0563708;
0,477362149;-0,027406041;0,478148211;0,489669137;0,011520925;1,07997E+11;0,023527979;
0,49175937;-0,031569885;0,492771687;0,559820762;0,067049074;1,08097E+11;0,119768824;
0,498148696;-0,028392751;0,498957185;0,526100503;0,027143318;1,08197E+11;0,051593409;
0,480826416;-0,013519101;0,481016433;0,491103873;0,01008744;1,08296E+11;0,020540339;
0,479206019;-0,009302877;0,479296309;0,553517274;0,074220964;1,08396E+11;0,134089699;
0,496987778;-0,000494777;0,496988024;0,51426985;0,017281826;1,08496E+11;0,033604587;
0,481291787;-0,006882779;0,481340999;0,487303578;0,005962579;1,08596E+11;0,012235862;
0,499260001;-0,000384261;0,499260149;0,527414656;0,028154507;1,08697E+11;0,053382109;
0,498304881;-0,000316284;0,498304981;0,49922221;0,000917229;1,08797E+11;0,001837316;
0,509219778;-0,000355772;0,509219902;0,531995003;0,022775101;1,08896E+11;0,042810742;
0,501387552;-0,000288342;0,501387635;0,500533266;-0,00085437;1,08997E+11;-0,001706919;
0,522801407;-0,001806078;0,522804527;0,680918643;0,158114116;1,09097E+11;0,23220706;
0,53192071;-0,000249676;0,531920769;0,496996006;-0,034924762;1,09196E+11;-0,070271716;
0,504859164;-9,74E-06;0,504859164;0,521462194;0,01660303;1,09296E+11;0,031839374;
0,488894006;-1,84E-05;0,488894007;0,488886582;-7,42467E-06;1,09397E+11;-1,51869E-05;
0,509143729;7,14E-05;0,509143734;0,536236774;0,027093041;1,09496E+11;0,050524399;
0,48986438;0,000134577;0,489864399;0,48728741;-0,002576989;1,09596E+11;-0,005288437;
0,510036629;0,000127466;0,510036645;0,535166323;0,025129678;1,09696E+11;0,046956763;
0,494220452;0,000140274;0,494220472;0,486693791;-0,00752668;1,09796E+11;-0,015464919;
0,505367447;0,000196703;0,505367485;0,519703401;0,014335916;1,09896E+11;0,027584803;
0,486489791;0,000118441;0,486489805;0,470746931;-0,015742874;1,09996E+11;-0,033442329;
0,446355648;0,000328076;0,446355769;0;-0,446355769;1,10097E+11;#DIV/0!;
0,384017698;0,000198057;0,384017749;0;-0,384017749;1,10196E+11;#DIV/0!;
0,316763286;-0,000160567;0,316763326;0;-0,316763326;1,10296E+11;#DIV/0!;
0,246094456;-0,00010782;0,24609448;0;-0,24609448;1,10397E+11;#DIV/0!;
0,185100247;9,80E-05;0,185100273;0,484525612;0,299425338;1,10496E+11;0,617976287;
0,214060006;5,41E-06;0,214060006;0,566558085;0,352498079;1,10596E+11;0,622174651;
0,269986816;9,40E-05;0,269986832;0,547029322;0,27704249;1,10696E+11;0,506449067;
0,313962367;0,000311147;0,313962522;0,521270308;0,207307786;1,10796E+11;0,397697285;
0,362398389;-0,000110752;0,362398406;0,501631593;0,139233187;1,10896E+11;0,277560642;
0,406956582;4,59E-05;0,406956585;0,557230361;0,150273776;1,10996E+11;0,269679806;
0,456617633;-0,000130869;0,456617652;0,531626552;0,0750089;1,11096E+11;0,141093216;
0,478279205;0,000509287;0,478279476;0,491820927;0,013541451;1,11196E+11;0,027533295;
0,518610561;0,000157054;0,518610584;0,547065282;0,028454698;1,11296E+11;0,05201335;
0,520733544;0,005146242;0,520758972;0,487616034;-0,033142938;1,11396E+11;-0,067969336;
0,461962267;0,000428571;0,461962466;0,454885596;-0,007076869;1,11496E+11;-0,015557471;
0,485180219;0,000718172;0,485180751;0,494168742;0,008987991;1,11597E+11;0,018188101;
0,529005606;0,000493804;0,529005837;0,699012642;0,170006806;1,11697E+11;0,243209915;
0,534168692;0,000416333;0,534168854;0,496709718;-0,037459136;1,11797E+11;-0,075414543;
0,542334229;0,00117188;0,542335495;0,675415882;0,133080387;1,11896E+11;0,197034732;
0,561186741;0,000486148;0,561186952;0,505986076;-0,055200875;1,11996E+11;-0,109095641;
0,527887244;0,000365658;0,527887371;0,52810683;0,000219459;1,12096E+11;0,000415557;
0,494003387;4,96E-05;0,494003389;0,49339827;-0,000605119;1,12197E+11;-0,001226432;
0,507489994;0,000315539;0,507490092;0,524727077;0,017236985;1,12297E+11;0,03284943;
0,49068281;-1,13E-05;0,49068281;0,491250439;0,000567629;1,12396E+11;0,001155478;
0,50635516;0,000360928;0,506355288;0,524031398;0,01767611;1,12496E+11;0,033731013;
0,48944302;-7,29E-05;0,489443026;0,490836778;0,001393752;1,12596E+11;0,002839543;
0,507105946;9,62E-05;0,507105955;0,524564791;0,017458835;1,12697E+11;0,033282515;
0,489602984;-8,31E-05;0,489602991;0,49153496;0,001931969;1,12796E+11;0,003930481;
0,515734637;8,34E-05;0,515734643;0,54100228;0,025267636;1,12896E+11;0,046705231;
0,491916197;-0,000185712;0,491916232;0,492695394;0,000779162;1,12996E+11;0,001581427;
0,510633528;-6,64E-05;0,510633532;0,525355629;0,014722097;1,13096E+11;0,028023107;
0,49169158;-0,000231797;0,491691634;0,492925303;0,001233669;1,13196E+11;0,00250275;
0,513295063;-8,28E-05;0,51329507;0,526313862;0,013018792;1,13296E+11;0,024735796;
0,499013983;-0,000188847;0,499014019;0,493744456;-0,005269563;1,13396E+11;-0,010672652;
0,522881648;-7,71E-06;0,522881648;0,542125133;0,019243485;1,13496E+11;0,03549639;
0,510431998;-3,43E-05;0,510431999;0,49375779;-0,016674209;1,13596E+11;-0,033770018;
0,519480775;-0,000135353;0,519480793;0,524244703;0,00476391;1,13696E+11;0,009087187;
0,501405127;-3,01E-05;0,501405128;0,491658279;-0,009746849;1,13796E+11;-0,019824437;
0,518712217;-0,000127622;0,518712233;0,523772322;0,005060089;1,13896E+11;0,009660857;
0,492642326;-0,000105459;0,492642338;0,473731735;-0,018910603;1,13996E+11;-0,039918378;
0,510739484;-1,47E-05;0,510739484;0,523414456;0,012674971;1,14097E+11;0,024215937;
0,487505887;-7,23E-05;0,487505892;0,474258391;-0,013247501;1,14196E+11;-0,027933088;
0,510198606;1,52E-05;0,510198607;0,523949926;0,01375132;1,14297E+11;0,026245485;
0,481909378;-0,000193134;0,481909417;0,47467142;-0,007237997;1,14396E+11;-0,015248437;
0,507752153;1,62E-06;0,507752153;0,524602666;0,016850513;1,14496E+11;0,032120525;
0,477490621;-0,000206529;0,477490665;0,475788377;-0,001702288;1,14597E+11;-0,003577827;
0,498338095;-0,000123302;0,49833811;0,525610688;0,027272578;1,14696E+11;0,051887412;
0,477809615;-0,00017146;0,477809645;0,477562854;-0,000246792;1,14796E+11;-0,000516773;
0,49699469;-0,000130822;0,496994707;0,527459337;0,03046463;1,14896E+11;0,057757305;
0,479113384;-0,000164229;0,479113412;0,47909042;-2,29923E-05;1,14996E+11;-4,79916E-05;
0,496252562;-9,56E-05;0,496252572;0,529130445;0,032877874;1,15097E+11;0,062135668;
0,48091887;-1,26E-06;0,48091887;0,480640727;-0,000278142;1,15197E+11;-0,000578691;
0,495820637;-2,76E-05;0,495820638;0,68561824;0,189797602;1,15297E+11;0,276826944;
0,520184427;-5,29E-05;0,52018443;0,482261524;-0,037922906;1,15397E+11;-0,078635562;
0,482101755;-1,21E-05;0,482101756;0,445707842;-0,036393914;1,15496E+11;-0,081654192;
0,500705342;7,43E-06;0,500705342;0,578635156;0,077929814;1,15596E+11;0,134678671;
0,529953141;-4,07E-05;0,529953142;0,633445164;0,103492022;1,15696E+11;0,163379607;
0,530643516;-0,000594257;0,530643848;0,487208976;-0,043434872;1,15796E+11;-0,089150394;
0,542559386;-0,004270963;0,542576196;0,54029549;-0,002280706;1,15896E+11;-0,00422122;
0,509805358;-0,008529014;0,509876697;0,520685429;0,010808732;1,15996E+11;0,02075866;
0,479606245;-0,018042336;0,479945493;0,478889407;-0,001056086;1,16096E+11;-0,002205281;
0,492338062;-0,046165824;0,494497777;0,556446492;0,061948715;1,16196E+11;0,111329151;
0,506598617;-0,040357498;0,508203588;0,518054435;0,009850847;1,16296E+11;0,019015082;
0,482034239;-0,061320124;0,485918887;0,494822178;0,008903291;1,16396E+11;0,01799291;
0,508485291;-0,060048946;0,512018717;0,560975382;0,048956665;1,16497E+11;0,087270611;
0,516997052;-0,045778093;0,519019831;0,526552721;0,007532889;1,16596E+11;0,014306049;
0,479829932;-0,054927237;0,482963524;0,486231841;0,003268318;1,16696E+11;0,006721727;
0,517078848;-0,019243615;0,51743681;0,544525356;0,027088546;1,16796E+11;0,04974708;
0,490969115;-0,014247944;0,491175809;0,487834582;-0,003341228;1,16896E+11;-0,006849099;
0,518800966;-3,65E-05;0,518800967;0,689288688;0,170487722;1,16997E+11;0,247338632;
0,531179214;-0,000323095;0,531179312;0,491157395;-0,040021917;1,17097E+11;-0,081484912;
0,532826942;1,51E-06;0,532826942;0,687969054;0,155142112;1,17196E+11;0,2255074;
0,546637477;-0,000181137;0,546637507;0,4859637;-0,060673807;1,17296E+11;-0,12485255;
0,524303882;-0,000148483;0,524303903;0,527250045;0,002946142;1,17396E+11;0,005587751;
0,494757067;-0,000522044;0,494757342;0,492874702;-0,001882641;1,17496E+11;-0,003819715;
0,503423991;-7,82E-05;0,503423997;0,523303567;0,019879571;1,17596E+11;0,037988601;
0,490280219;-0,000251841;0,490280283;0,491177769;0,000897486;1,17697E+11;0,001827212;
0,496779744;-4,71E-05;0,496779746;0,521771149;0,024991403;1,17796E+11;0,047897249;
0,489980615;-9,49E-05;0,489980624;0,489369928;-0,000610696;1,17896E+11;-0,001247923;
0,50002151;-8,65E-05;0,500021517;0,537276112;0,037254594;1,17997E+11;0,069339756;
0,490678713;5,31E-05;0,490678716;0,48904725;-0,001631466;1,18096E+11;-0,003336009;
0,500091877;-3,96E-06;0,500091877;0,521887728;0,021795851;1,18197E+11;0,041763486;
0,460506915;-2,65E-05;0,460506915;0,47309154;0,012584625;1,18297E+11;0,026600824;
0,479300497;6,79E-05;0,479300502;0,524782047;0,045481545;1,18396E+11;0,086667495;
0,481159315;0,000123539;0,481159331;0,478317933;-0,002841398;1,18496E+11;-0,005940396;
0,49145171;0,000205572;0,491451753;0,529959861;0,038508108;1,18596E+11;0,072662311;
0,484813522;0,000119386;0,484813537;0,481936646;-0,002876891;1,18696E+11;-0,005969438;
0,496954154;0,000233044;0,496954209;0,688619495;0,191665287;1,18796E+11;0,278332647;
0,518988415;0,000102232;0,518988425;0,484572631;-0,034415794;1,18896E+11;-0,071022983;
0,513997846;0,000251937;0,513997908;0,688803667;0,174805759;1,18996E+11;0,25378169;
0,529659101;0,000176966;0,52965913;0,499077356;-0,030581774;1,19096E+11;-0,061276622;
0,534872471;0,000374407;0,534872602;0,684857666;0,149985064;1,19196E+11;0,219001803;
0,546132905;0,000579596;0,546133212;0,475847012;-0,0702862;1,19297E+11;-0,147707559;
0,497930452;9,08E-05;0,49793046;0,437538865;-0,060391595;1,19396E+11;-0,138025671;
0,494217676;6,23E-05;0,49421768;0,615019006;0,120801325;1,19496E+11;0,196418849;
0,500704346;-3,09E-05;0,500704347;0,508193615;0,007489267;1,19596E+11;0,014737035;
0,537090465;-0,000381737;0,537090601;0,666567193;0,129476592;1,19697E+11;0,194243872;
0,546842683;-0,0003545;0,546842798;0,528807422;-0,018035376;1,19796E+11;-0,034105754;
0,514127616;-0,005644343;0,514158598;0,503810537;-0,010348061;1,19896E+11;-0,020539589;
0,517641058;-0,046108903;0,519690577;0,710687126;0,190996549;1,19996E+11;0,268749133;
0,539860842;-0,093270248;0,54785862;0,553347872;0,005489252;1,20097E+11;0,009920074;
0,521732089;-0,119233937;0,535183244;0,527558135;-0,007625109;1,20196E+11;-0,014453589;
0,523200616;-0,141966311;0,542119284;0,500324421;-0,041794863;1,20296E+11;-0,083535525;
0,523243545;-0,173558858;0,551277139;0,713331607;0,162054467;1,20396E+11;0,227179709;
0,51181651;-0,234121676;0,56282244;0,54252632;-0,02029612;1,20496E+11;-0,037410388;
0,51428361;-0,24411051;0,569278116;0,508961147;-0,060316968;1,20596E+11;-0,118509966;
